SentenceId	Content
028171	测试的主角---全新速派TSI330智行版测试的主角---全新速派TSI330智行版测试的主角---全新速派TSI330智行版斯柯达标--这个角度看上去是不是很帅前大灯采用三角折面造型，立体晶璨切割，黑底银色悬浮线条设计，打造多型面几何层次前大灯采用AFS随动转向（自动进行灯光角度调节）和MDFS大灯动态辅助（避免夜间灯光对前方驾驶员或对向驾驶员造成炫目）技术，给驾驶员夜间提供清晰宽阔视野全新速派这一路---实在不简单全新18英寸黑色精车轮毂，增加行驶稳定性，彰显时尚动感视觉效果全新18英寸黑色精车轮毂，增加行驶稳定性，彰显时尚动感视觉效果全新速派TSI330智行版整装待发测试的第一步先将车辆预热到正常的工况（如水温，油温等），然后安装测试所需的设备，本次所用的测试设备可以测试车辆的动力性，制动性等性能参数，如车辆达到不同车速时的加速时间，距离，纵横向加速度；车辆在不同车速下的制动距离，时间，纵横向制动减速度等，这些数据有助于我们进一步了解所测车辆的技术状况。
028169	而高尔夫GTI、新速腾GLI和新速腾R-Line这些产品家族中极具动感的车型，也在赛场之外将一汽-大众的运动基因体现得淋漓尽致，为渴望驾驶乐趣的消费者提供了个性化的选择。
028168	正因为它贵它又是很便宜的因为买对一套产品好过买错三套产品其实我和您一样希望能够以最低的价格买到最好的品质的东西但我从未发现任何一家公司以最低的价格提供最高品质的产品和服务就好象奔弛汽车不可能卖到桑塔纳的价格您说呢？
028164	但光有颜值是远远不够的，毕竟是辆车啊，还得开着舒服吧，没问题，晶锐完全满足你，这也是我爱上晶锐的原因。
028163	得益于途安L全系均采用电子手刹，中央扶手箱内部容积和规整性表现均得到显著提升，其深度与大屏智能手机相仿，此外底部带有丝绒内衬，能够降低行车途中的内部噪音。
028152	操控没的说，指哪打哪，好几次要不是宝马的操控良好指向明确我可能出事都好几回了，宝马的操控真不是盖的
028149	和别克其他车型相比，威朗整体视觉重心下移，更加动感；内饰方面，威朗展现了美式豪华，丰富的线条搭配亮色木纹装饰，时尚与运动并存；。
028148	北汽威旺S50试驾体验会。
028147	速派跟我一个月了，车确实挺好，沒有网友说的那些毛病，提速刚刚的
028146	进口奥迪1700公里刹车片开裂,5000公里磨损极限。
028143	东风风神A60从轩逸继承的盾形中控面板已经更换了布局，空调区域改为更现代化的电子调节旋钮，而影音系统部分则使用更直观的操作按键，上手难度降低。
028132	只能说还可以，车门有异响烦死了，不过我一个人开车音响声音开得比较大，开到40你懂的。超过40就开始失真了。因为我的君越改过一套意大利赫兹的音响，所以不会觉得音响很好。不是发烧级别的基本够用了。
028129	凌渡的内饰也是很精致的，增加了车子的摆放物体空间，增加了精美的细节。
028128	品鉴会时，标致厂家公开明示叫板，将朗逸和英朗作为竞争车型。
028127	猎豹CS10主攻事业小有成就、积极进取的都市“傲闯”族群，将陆续推出1.5T、1.6T及2.0T三种动力配置，搭配MT、DCT及AT变速器多个版本以供选择。
028126	全新奔腾b50搭载了4gb系列高性能发动机，该发动机具有高功率、低速大扭矩等优势。
028122	帕萨特的外观造型相对较成熟稳重，相比迈腾和君越都来带的最新设计语言，帕萨特在造型方面显得有点跟不上节奏。
028114	宝马的尾标通常是3个数字，第一个数字代表不同级别的车型，后两个数字和排量挂钩，但X系列和Z4只有两个数字，并没有第一个数字。
028109	大众- 途观- 2011款 1.8TSI 手自一体 风尚版。
